control,title,family,region,hdf_mapped_sources,hdf_structural,oscal_tier,oscal_basis
AC-1,Policy and Procedures,AC,oscal-only,,,evidence,back-matter policy/procedure + hash; metadata review dates
AC-2,Account Management,AC,hdf-only,AWS Config; ScoutSuite; Nessus; Checkov (IaC); InSpec profiles (MITRE SAF),,validated only,
AC-3,Enforce approved authorizations for logical access to information and system resources in accordance with applicable access control policies.,AC,hdf-only,AWS Config; ScoutSuite; Nessus; Nikto; CWE (SAST/SCA); OWASP (DAST); Checkov (IaC); InSpec profiles (MITRE SAF),,validated only,
AC-4,Enforce approved authorizations for controlling the flow of information within the system and between connected systems based on [Assignment: information flow control policies].,AC,hdf-only,AWS Config; CWE (SAST/SCA); Checkov (IaC); InSpec profiles (MITRE SAF),,validated only,
AC-5,Separation of Duties,AC,hdf-only,AWS Config; Hipcheck (supply chain); InSpec profiles (MITRE SAF),,validated only,
AC-6,"Employ the principle of least privilege, allowing only authorized accesses for users (or processes acting on behalf of users) that are necessary to accomplish assigned organizational tasks.",AC,hdf-only,AWS Config; ScoutSuite; CWE (SAST/SCA); Checkov (IaC); InSpec profiles (MITRE SAF),,validated only,
AC-7,Unsuccessful Logon Attempts,AC,hdf-only,CWE (SAST/SCA); InSpec profiles (MITRE SAF),,validated only,
AC-8,System Use Notification,AC,hdf-only,InSpec profiles (MITRE SAF),,validated only,
AC-9,"Notify the user, upon successful logon to the system, of the date and time of the last logon.",AC,hdf-only,InSpec profiles (MITRE SAF),,validated only,
AC-10,Limit the number of concurrent sessions for each [Assignment: account and/or account types] to [Assignment: number].,AC,hdf-only,InSpec profiles (MITRE SAF),,validated only,
AC-11,Device Lock,AC,hdf-only,InSpec profiles (MITRE SAF),,validated only,
AC-12,Automatically terminate a user session after [Assignment: conditions or trigger events].,AC,hdf-only,CWE (SAST/SCA); InSpec profiles (MITRE SAF),,validated only,
AC-14,Permitted Actions Without Identification or Authentication,AC,outside,,,validated only,
AC-16,Security and Privacy Attributes,AC,hdf-only,InSpec profiles (MITRE SAF),,validated only,
AC-17,Remote Access,AC,hdf-only,AWS Config; ScoutSuite; Nessus; Checkov (IaC); InSpec profiles (MITRE SAF),,validated only,
AC-18,Wireless Access,AC,hdf-only,InSpec profiles (MITRE SAF),,validated only,
AC-19,Access Control for Mobile Devices,AC,hdf-only,InSpec profiles (MITRE SAF),,validated only,
AC-20,Use of External Systems,AC,outside,,,validated only,
AC-21,Information Sharing,AC,hdf-only,AWS Config,,validated only,
AC-22,Publicly Accessible Content,AC,outside,,,validated only,
AC-23,Employ [Assignment: techniques] for [Assignment: data storage objects] to detect and protect against unauthorized data mining.,AC,outside,,,validated only,
AC-24,[Selection (one or more): establish procedures; implement mechanisms] to ensure [Assignment: access control decisions] are applied to each access request prior to access enforcement.,AC,outside,,,validated only,
AC-25,"Implement a reference monitor for [Assignment: access control policies] that is tamperproof, always invoked, and small enough to be subject to analysis and testing, the completeness of which can be assured.",AC,outside,,,validated only,
AT-1,Policy and Procedures,AT,oscal-only,,,evidence,back-matter policy/procedure + hash; metadata review dates
AT-2,Literacy Training and Awareness,AT,outside,,,validated only,
AT-3,Role-based Training,AT,outside,,,validated only,
AT-4,Training Records,AT,outside,,,validated only,
AT-6,Provide feedback on organizational training results to the following personnel [Assignment: frequency]: [Assignment: personnel].,AT,outside,,,validated only,
AU-1,Policy and Procedures,AU,oscal-only,,,evidence,back-matter policy/procedure + hash; metadata review dates
AU-2,Event Logging,AU,hdf-only,AWS Config; ScoutSuite; Checkov (IaC); InSpec profiles (MITRE SAF),,validated only,
AU-3,Content of Audit Records,AU,hdf-only,AWS Config; Checkov (IaC); InSpec profiles (MITRE SAF),,validated only,
AU-4,Allocate audit log storage capacity to accommodate [Assignment: audit log retention requirements].,AU,hdf-only,InSpec profiles (MITRE SAF),,validated only,
AU-5,Response to Audit Logging Process Failures,AU,hdf-only,InSpec profiles (MITRE SAF),,validated only,
AU-6,"Audit Record Review, Analysis, and Reporting",AU,hdf-only,AWS Config; ScoutSuite; InSpec profiles (MITRE SAF),,validated only,
AU-7,Audit Record Reduction and Report Generation,AU,hdf-only,AWS Config; InSpec profiles (MITRE SAF),,validated only,
AU-8,Time Stamps,AU,hdf-only,Nessus; InSpec profiles (MITRE SAF),,validated only,
AU-9,Protection of Audit Information,AU,hdf-only,AWS Config; Checkov (IaC); InSpec profiles (MITRE SAF),,validated only,
AU-10,Provide irrefutable evidence that an individual (or process acting on behalf of an individual) has performed [Assignment: actions].,AU,hdf-only,AWS Config; InSpec profiles (MITRE SAF),,validated only,
AU-11,Retain audit records for [Assignment: time period] to provide support for after-the-fact investigations of incidents and to meet regulatory and organizational information retention requirements.,AU,hdf-only,AWS Config; Checkov (IaC),,validated only,
AU-12,Audit Record Generation,AU,hdf-only,AWS Config; ScoutSuite; OWASP (DAST); Checkov (IaC); InSpec profiles (MITRE SAF),,validated only,
AU-13,Monitoring for Information Disclosure,AU,outside,,,validated only,
AU-14,Session Audit,AU,hdf-only,AWS Config; InSpec profiles (MITRE SAF),,validated only,
AU-16,Employ [Assignment: methods] for coordinating [Assignment: audit information] among external organizations when audit information is transmitted across organizational boundaries.,AU,outside,,,validated only,
CA-1,Policy and Procedures,CA,oscal-only,,,evidence,back-matter policy/procedure + hash; metadata review dates
CA-2,Control Assessments,CA,both,,"Plan document (assessments, schedule)",evidence,Assessment plan (SAP)
CA-3,Information Exchange,CA,both,InSpec profiles (MITRE SAF),System dataFlows to other systems,evidence,SSP interconnection components
CA-5,Plan of Action and Milestones,CA,both,,Amendments type poam with milestones,evidence,POA&M poam-items
CA-6,Authorization,CA,oscal-only,,,evidence,metadata actions; date-authorized
CA-7,Continuous Monitoring,CA,both,AWS Config,Comparison and change-event stream,evidence,Assessment results over time (SAR)
CA-8,Conduct penetration testing [Assignment: frequency] on [Assignment: system(s) or system components].,CA,oscal-only,,,evidence,"SAP/SAR: penetration test tasks, observations and findings"
CA-9,Internal System Connections,CA,both,AWS Config,,evidence,SSP internal connections: components and protocols
CM-1,Policy and Procedures,CM,oscal-only,,,evidence,back-matter policy/procedure + hash; metadata review dates
CM-2,Baseline Configuration,CM,hdf-only,AWS Config; ScoutSuite; InSpec profiles (MITRE SAF),,validated only,
CM-3,Configuration Change Control,CM,hdf-only,AWS Config; Checkov (IaC); InSpec profiles (MITRE SAF),,validated only,
CM-4,Analyze changes to the system to determine potential security and privacy impacts prior to change implementation.,CM,outside,,,validated only,
CM-5,"Define, document, approve, and enforce physical and logical access restrictions associated with changes to the system.",CM,hdf-only,Checkov (IaC); InSpec profiles (MITRE SAF),,validated only,
CM-6,Configuration Settings,CM,hdf-only,ScoutSuite; Nessus; Nikto; OWASP (DAST); Checkov (IaC); InSpec profiles (MITRE SAF),,validated only,
CM-7,Least Functionality,CM,hdf-only,AWS Config; ScoutSuite; Nessus; Checkov (IaC); InSpec profiles (MITRE SAF),,validated only,
CM-8,System Component Inventory,CM,both,AWS Config; ScoutSuite; Nessus; Checkov (IaC); InSpec profiles (MITRE SAF),System components[] and boms[],evidence,SSP inventory-items
CM-9,Configuration Management Plan,CM,both,InSpec profiles (MITRE SAF),,evidence,back-matter configuration management plan + hash
CM-10,Software Usage Restrictions,CM,outside,,,validated only,
CM-11,User-installed Software,CM,hdf-only,InSpec profiles (MITRE SAF),,validated only,
CM-12,Information Location,CM,outside,,,validated only,
CM-13,Develop and document a map of system data actions.,CM,outside,,,validated only,
CM-14,Prevent the installation of [Assignment: organization-defined software and firmware components] without verification that the component has been digitally signed using a certificate that is recognized and approved by the organization.,CM,hdf-only,InSpec profiles (MITRE SAF),,validated only,
CP-1,Policy and Procedures,CP,oscal-only,,,evidence,back-matter policy/procedure + hash; metadata review dates
CP-2,Contingency Plan,CP,both,AWS Config,,evidence,back-matter contingency plan + hash; review dates
CP-3,Contingency Training,CP,outside,,,validated only,
CP-4,Contingency Plan Testing,CP,oscal-only,,,evidence,SAR: contingency plan test results
CP-6,Alternate Storage Site,CP,hdf-only,AWS Config; Checkov (IaC),,validated only,
CP-7,Alternate Processing Site,CP,hdf-only,ScoutSuite,,validated only,
CP-8,"Establish alternate telecommunications services, including necessary agreements to permit the resumption of [Assignment: system operations] for essential mission and business functions within [Assignment: time period] when the primary telecommunications capabilities are unavailable at either the primary or alternate processing or storage sites.",CP,outside,,,validated only,
CP-9,System Backup,CP,hdf-only,AWS Config; ScoutSuite; Checkov (IaC); InSpec profiles (MITRE SAF),,validated only,
CP-10,"Provide for the recovery and reconstitution of the system to a known state within [Assignment: organization-defined time period consistent with recovery time and recovery point objectives] after a disruption, compromise, or failure.",CP,hdf-only,AWS Config; Checkov (IaC); InSpec profiles (MITRE SAF),,validated only,
CP-11,Provide the capability to employ [Assignment: alternative communications protocols] in support of maintaining continuity of operations.,CP,outside,,,validated only,
CP-12,"When [Assignment: conditions] are detected, enter a safe mode of operation with [Assignment: restrictions].",CP,outside,,,validated only,
CP-13,Employ [Assignment: alternative or supplemental security mechanisms] for satisfying [Assignment: security functions] when the primary means of implementing the security function is unavailable or compromised.,CP,outside,,,validated only,
IA-1,Policy and Procedures,IA,oscal-only,,,evidence,back-matter policy/procedure + hash; metadata review dates
IA-2,Uniquely identify and authenticate organizational users and associate that unique identification with processes acting on behalf of those users.,IA,hdf-only,AWS Config; ScoutSuite; Checkov (IaC); InSpec profiles (MITRE SAF),,validated only,
IA-3,Uniquely identify and authenticate [Assignment: devices and/or types of devices] before establishing a [Selection (one or more): local; remote; network] connection.,IA,hdf-only,InSpec profiles (MITRE SAF),,validated only,
IA-4,Identifier Management,IA,hdf-only,InSpec profiles (MITRE SAF),,validated only,
IA-5,Authenticator Management,IA,hdf-only,AWS Config; ScoutSuite; CWE (SAST/SCA); Checkov (IaC); InSpec profiles (MITRE SAF),,validated only,
IA-6,Obscure feedback of authentication information during the authentication process to protect the information from possible exploitation and use by unauthorized individuals.,IA,hdf-only,InSpec profiles (MITRE SAF),,validated only,
IA-7,"Implement mechanisms for authentication to a cryptographic module that meet the requirements of applicable laws, executive orders, directives, policies, regulations, standards, and guidelines for such authentication.",IA,hdf-only,InSpec profiles (MITRE SAF),,validated only,
IA-8,Uniquely identify and authenticate non-organizational users or processes acting on behalf of non-organizational users.,IA,hdf-only,CWE (SAST/SCA); Checkov (IaC); InSpec profiles (MITRE SAF),,validated only,
IA-9,"Uniquely identify and authenticate [Assignment: system services and applications] before establishing communications with devices, users, or other services or applications.",IA,outside,,,validated only,
IA-10,Require individuals accessing the system to employ [Assignment: supplemental authentication techniques or mechanisms] under specific [Assignment: circumstances or situations].,IA,outside,,,validated only,
IA-11,Require users to re-authenticate when [Assignment: circumstances or situations].,IA,hdf-only,InSpec profiles (MITRE SAF),,validated only,
IA-12,Identity Proofing,IA,outside,,,validated only,
IA-13,"Employ identity providers and authorization servers to manage user, device, and non-person entity (NPE) identities, attributes, and access rights supporting authentication and authorization decisions in accordance with [Assignment: policy] using [Assignment: mechanisms].",IA,outside,,,validated only,
IR-1,Policy and Procedures,IR,oscal-only,,,evidence,back-matter policy/procedure + hash; metadata review dates
IR-2,Incident Response Training,IR,outside,,,validated only,
IR-3,Test the effectiveness of the incident response capability for the system [Assignment: frequency] using the following tests: [Assignment: tests].,IR,oscal-only,,,evidence,SAR: incident response test results
IR-4,Incident Handling,IR,hdf-only,AWS Config; Checkov (IaC),,validated only,
IR-5,Track and document incidents.,IR,hdf-only,Checkov (IaC),,validated only,
IR-6,Incident Reporting,IR,hdf-only,AWS Config; Checkov (IaC); InSpec profiles (MITRE SAF),,validated only,
IR-7,"Provide an incident response support resource, integral to the organizational incident response capability, that offers advice and assistance to users of the system for the handling and reporting of incidents.",IR,hdf-only,AWS Config; ScoutSuite; InSpec profiles (MITRE SAF),,validated only,
IR-8,Incident Response Plan,IR,oscal-only,,,evidence,back-matter incident response plan + hash
IR-9,Information Spillage Response,IR,outside,,,validated only,
MA-1,Policy and Procedures,MA,oscal-only,,,evidence,back-matter policy/procedure + hash; metadata review dates
MA-2,Controlled Maintenance,MA,outside,,,validated only,
MA-3,Maintenance Tools,MA,hdf-only,InSpec profiles (MITRE SAF),,validated only,
MA-4,Nonlocal Maintenance,MA,hdf-only,InSpec profiles (MITRE SAF),,validated only,
MA-5,Maintenance Personnel,MA,outside,,,validated only,
MA-6,Obtain maintenance support and/or spare parts for [Assignment: system components] within [Assignment: time period] of failure.,MA,outside,,,validated only,
MA-7,Restrict or prohibit field maintenance on [Assignment: systems or system components] to [Assignment: trusted maintenance facilities].,MA,outside,,,validated only,
MP-1,Policy and Procedures,MP,oscal-only,,,evidence,back-matter policy/procedure + hash; metadata review dates
MP-2,Restrict access to [Assignment: organization-defined types of digital and/or non-digital media] to [Assignment: organization-defined personnel or roles].,MP,outside,,,validated only,
MP-3,Media Marking,MP,outside,,,validated only,
MP-4,Media Storage,MP,hdf-only,Checkov (IaC); InSpec profiles (MITRE SAF),,validated only,
MP-5,Media Transport,MP,outside,,,validated only,
MP-6,Media Sanitization,MP,hdf-only,Checkov (IaC),,validated only,
MP-7,Media Use,MP,outside,,,validated only,
MP-8,Media Downgrading,MP,outside,,,validated only,
PE-1,Policy and Procedures,PE,oscal-only,,,evidence,back-matter policy/procedure + hash; metadata review dates
PE-2,Physical Access Authorizations,PE,oscal-only,,,inherited (cloud-hosted),inherited: by-component inherited.provided-uuid → leveraged authorization export (cloud-hosted)
PE-3,Physical Access Control,PE,oscal-only,,,inherited (cloud-hosted),inherited: by-component inherited.provided-uuid → leveraged authorization export (cloud-hosted)
PE-4,Control physical access to [Assignment: system distribution and transmission lines] within organizational facilities using [Assignment: security controls].,PE,oscal-only,,,inherited (cloud-hosted),inherited: by-component inherited.provided-uuid → leveraged authorization export (cloud-hosted)
PE-5,Control physical access to output from [Assignment: output devices] to prevent unauthorized individuals from obtaining the output.,PE,oscal-only,,,inherited (cloud-hosted),inherited: by-component inherited.provided-uuid → leveraged authorization export (cloud-hosted)
PE-6,Monitoring Physical Access,PE,oscal-only,,,inherited (cloud-hosted),inherited: by-component inherited.provided-uuid → leveraged authorization export (cloud-hosted)
PE-8,Visitor Access Records,PE,oscal-only,,,inherited (cloud-hosted),inherited: by-component inherited.provided-uuid → leveraged authorization export (cloud-hosted)
PE-9,Protect power equipment and power cabling for the system from damage and destruction.,PE,oscal-only,,,inherited (cloud-hosted),inherited: by-component inherited.provided-uuid → leveraged authorization export (cloud-hosted)
PE-10,Emergency Shutoff,PE,oscal-only,,,inherited (cloud-hosted),inherited: by-component inherited.provided-uuid → leveraged authorization export (cloud-hosted)
PE-11,Provide an uninterruptible power supply to facilitate [Selection: an orderly shutdown of the system; transition of the system to long-term alternate power] in the event of a primary power source loss.,PE,oscal-only,,,inherited (cloud-hosted),inherited: by-component inherited.provided-uuid → leveraged authorization export (cloud-hosted)
PE-12,Employ and maintain automatic emergency lighting for the system that activates in the event of a power outage or disruption and that covers emergency exits and evacuation routes within the facility.,PE,oscal-only,,,inherited (cloud-hosted),inherited: by-component inherited.provided-uuid → leveraged authorization export (cloud-hosted)
PE-13,Employ and maintain fire detection and suppression systems that are supported by an independent energy source.,PE,oscal-only,,,inherited (cloud-hosted),inherited: by-component inherited.provided-uuid → leveraged authorization export (cloud-hosted)
PE-14,Environmental Controls,PE,oscal-only,,,inherited (cloud-hosted),inherited: by-component inherited.provided-uuid → leveraged authorization export (cloud-hosted)
PE-15,"Protect the system from damage resulting from water leakage by providing master shutoff or isolation valves that are accessible, working properly, and known to key personnel.",PE,oscal-only,,,inherited (cloud-hosted),inherited: by-component inherited.provided-uuid → leveraged authorization export (cloud-hosted)
PE-16,Delivery and Removal,PE,oscal-only,,,inherited (cloud-hosted),inherited: by-component inherited.provided-uuid → leveraged authorization export (cloud-hosted)
PE-17,Alternate Work Site,PE,oscal-only,,,inherited (cloud-hosted),inherited: by-component inherited.provided-uuid → leveraged authorization export (cloud-hosted)
PE-18,Position system components within the facility to minimize potential damage from [Assignment: physical and environmental hazards] and to minimize the opportunity for unauthorized access.,PE,oscal-only,,,inherited (cloud-hosted),inherited: by-component inherited.provided-uuid → leveraged authorization export (cloud-hosted)
PE-19,Protect the system from information leakage due to electromagnetic signals emanations.,PE,oscal-only,,,inherited (cloud-hosted),inherited: by-component inherited.provided-uuid → leveraged authorization export (cloud-hosted)
PE-20,Employ [Assignment: asset location technologies] to track and monitor the location and movement of [Assignment: assets] within [Assignment: controlled areas].,PE,oscal-only,,,inherited (cloud-hosted),inherited: by-component inherited.provided-uuid → leveraged authorization export (cloud-hosted)
PE-21,Employ [Assignment: protective measures] against electromagnetic pulse damage for [Assignment: system and system components].,PE,oscal-only,,,inherited (cloud-hosted),inherited: by-component inherited.provided-uuid → leveraged authorization export (cloud-hosted)
PE-22,"Mark [Assignment: system hardware components] indicating the impact level or classification level of the information permitted to be processed, stored, or transmitted by the hardware component.",PE,oscal-only,,,inherited (cloud-hosted),inherited: by-component inherited.provided-uuid → leveraged authorization export (cloud-hosted)
PE-23,Facility Location,PE,oscal-only,,,inherited (cloud-hosted),inherited: by-component inherited.provided-uuid → leveraged authorization export (cloud-hosted)
PL-1,Policy and Procedures,PL,oscal-only,,,evidence,back-matter policy/procedure + hash; metadata review dates
PL-2,System Security and Privacy Plans,PL,oscal-only,,,evidence,SSP
PL-4,Rules of Behavior,PL,oscal-only,,,evidence,back-matter rules of behavior + hash; metadata review dates
PL-7,Concept of Operations,PL,oscal-only,,,evidence,back-matter CONOPS + hash
PL-8,Security and Privacy Architectures,PL,oscal-only,,,evidence,"SSP authorization-boundary (required), network-architecture, data-flow"
PL-9,Centrally manage [Assignment: controls and related processes].,PL,outside,,,validated only,
PL-10,Select a control baseline for the system.,PL,oscal-only,,,evidence,Profile (baseline selection)
PL-11,Tailor the selected control baseline by applying specified tailoring actions.,PL,oscal-only,,,evidence,"Profile (tailoring, set-parameters)"
PM-1,Information Security Program Plan,PM,oscal-only,,,evidence,back-matter policy/procedure + hash; metadata review dates
PM-2,"Appoint a senior agency information security officer with the mission and resources to coordinate, develop, implement, and maintain an organization-wide information security program.",PM,outside,,,validated only,
PM-3,Information Security and Privacy Resources,PM,outside,,,validated only,
PM-4,Plan of Action and Milestones Process,PM,oscal-only,,,evidence,POA&M across systems
PM-5,Develop and update [Assignment: frequency] an inventory of organizational systems.,PM,oscal-only,,,evidence,set of SSPs as the system inventory
PM-6,"Develop, monitor, and report on the results of information security and privacy measures of performance.",PM,outside,,,validated only,
PM-7,"Develop and maintain an enterprise architecture with consideration for information security, privacy, and the resulting risk to organizational operations and assets, individuals, other organizations, and the Nation.",PM,outside,,,validated only,
PM-8,"Address information security and privacy issues in the development, documentation, and updating of a critical infrastructure and key resources protection plan.",PM,outside,,,validated only,
PM-9,Risk Management Strategy,PM,outside,,,validated only,
PM-10,Authorization Process,PM,outside,,,validated only,
PM-11,Mission and Business Process Definition,PM,outside,,,validated only,
PM-12,Implement an insider threat program that includes a cross-discipline insider threat incident handling team.,PM,outside,,,validated only,
PM-13,Establish a security and privacy workforce development and improvement program.,PM,outside,,,validated only,
PM-14,"Testing, Training, and Monitoring",PM,outside,,,validated only,
PM-15,Security and Privacy Groups and Associations,PM,outside,,,validated only,
PM-16,Implement a threat awareness program that includes a cross-organization information-sharing capability for threat intelligence.,PM,outside,,,validated only,
PM-17,Protecting Controlled Unclassified Information on External Systems,PM,outside,,,validated only,
PM-18,Privacy Program Plan,PM,outside,,,validated only,
PM-19,"Appoint a senior agency official for privacy with the authority, mission, accountability, and resources to coordinate, develop, and implement, applicable privacy requirements and manage privacy risks through the organization-wide privacy program.",PM,outside,,,validated only,
PM-20,Dissemination of Privacy Program Information,PM,outside,,,validated only,
PM-21,Accounting of Disclosures,PM,outside,,,validated only,
PM-22,Personally Identifiable Information Quality Management,PM,outside,,,validated only,
PM-23,Establish a Data Governance Body consisting of [Assignment: roles] with [Assignment: responsibilities].,PM,outside,,,validated only,
PM-24,Data Integrity Board,PM,outside,,,validated only,
PM-25,"Minimization of Personally Identifiable Information Used in Testing, Training, and Research",PM,outside,,,validated only,
PM-26,Complaint Management,PM,outside,,,validated only,
PM-27,Privacy Reporting,PM,outside,,,validated only,
PM-28,Risk Framing,PM,outside,,,validated only,
PM-29,Risk Management Program Leadership Roles,PM,outside,,,validated only,
PM-30,Supply Chain Risk Management Strategy,PM,outside,,,validated only,
PM-31,Continuous Monitoring Strategy,PM,outside,,,validated only,
PM-32,Analyze [Assignment: systems or system components] supporting mission essential services or functions to ensure that the information resources are being used consistent with their intended purpose.,PM,outside,,,validated only,
PS-1,Policy and Procedures,PS,oscal-only,,,evidence,back-matter policy/procedure + hash; metadata review dates
PS-2,Position Risk Designation,PS,outside,,,validated only,
PS-3,Personnel Screening,PS,outside,,,validated only,
PS-4,Personnel Termination,PS,outside,,,validated only,
PS-5,Personnel Transfer,PS,outside,,,validated only,
PS-6,Access Agreements,PS,outside,,,validated only,
PS-7,External Personnel Security,PS,outside,,,validated only,
PS-8,Personnel Sanctions,PS,outside,,,validated only,
PS-9,Incorporate security and privacy roles and responsibilities into organizational position descriptions.,PS,outside,,,validated only,
PT-1,Policy and Procedures,PT,oscal-only,,,evidence,back-matter policy/procedure + hash; metadata review dates
PT-2,Authority to Process Personally Identifiable Information,PT,outside,,,validated only,
PT-3,Personally Identifiable Information Processing Purposes,PT,outside,,,validated only,
PT-4,Implement [Assignment: tools or mechanisms] for individuals to consent to the processing of their personally identifiable information prior to its collection that facilitate individuals’ informed decision-making.,PT,outside,,,validated only,
PT-5,Privacy Notice,PT,outside,,,validated only,
PT-6,System of Records Notice,PT,outside,,,validated only,
PT-7,Apply [Assignment: processing conditions] for specific categories of personally identifiable information.,PT,outside,,,validated only,
PT-8,Computer Matching Requirements,PT,outside,,,validated only,
RA-1,Policy and Procedures,RA,oscal-only,,,evidence,back-matter policy/procedure + hash; metadata review dates
RA-2,Security Categorization,RA,oscal-only,,,evidence,SSP system-information: information types and impact levels (FIPS 199 high-water mark is computable)
RA-3,Risk Assessment,RA,hdf-only,AWS Config,,validated only,
RA-5,Vulnerability Monitoring and Scanning,RA,both,AWS Config; Nessus; Checkov (IaC); InSpec profiles (MITRE SAF),,evidence,POA&M risk deadline tracks remediation window
RA-6,"Employ a technical surveillance countermeasures survey at [Assignment: locations] [Selection (one or more): {{ insert: param, ra-06_odp.03 }} ; when {{ insert: param, ra-06_odp.04 }} ].",RA,outside,,,validated only,
RA-7,"Respond to findings from security and privacy assessments, monitoring, and audits in accordance with organizational risk tolerance.",RA,both,,Amendments waiver / riskAdjustment with expiry and approver,evidence,"POA&M risks: remediations, status, risk-log"
RA-8,Privacy Impact Assessments,RA,outside,,,validated only,
RA-9,"Identify critical system components and functions by performing a criticality analysis for [Assignment: systems, system components, or system services] at [Assignment: decision points in the system development life cycle].",RA,outside,,,validated only,
RA-10,Threat Hunting,RA,outside,,,validated only,
SA-1,Policy and Procedures,SA,oscal-only,,,evidence,back-matter policy/procedure + hash; metadata review dates
SA-2,Allocation of Resources,SA,outside,,,validated only,
SA-3,System Development Life Cycle,SA,hdf-only,AWS Config,,validated only,
SA-4,Acquisition Process,SA,oscal-only,,,evidence,component definitions from vendors
SA-5,System Documentation,SA,oscal-only,,,evidence,back-matter system documentation (admin/user guides) + hash
SA-8,"Apply the following systems security and privacy engineering principles in the specification, design, development, implementation, and modification of the system and system components: [Assignment: organization-defined systems security and privacy engineering principles].",SA,hdf-only,AWS Config,,validated only,
SA-9,External System Services,SA,oscal-only,,,evidence,SSP leveraged-authorizations
SA-10,Developer Configuration Management,SA,hdf-only,AWS Config,,validated only,
SA-11,Developer Testing and Evaluation,SA,hdf-only,AWS Config; CWE (SAST/SCA); Hipcheck (supply chain); Checkov (IaC),,validated only,
SA-15,"Development Process, Standards, and Tools",SA,hdf-only,AWS Config; Hipcheck (supply chain),,validated only,
SA-16,"Require the developer of the system, system component, or system service to provide the following training on the correct use and operation of the implemented security and privacy functions, controls, and/or mechanisms: [Assignment: training].",SA,outside,,,validated only,
SA-17,Developer Security and Privacy Architecture and Design,SA,outside,,,validated only,
SA-20,Reimplement or custom develop the following critical system components: [Assignment: critical system].,SA,outside,,,validated only,
SA-21,Developer Screening,SA,outside,,,validated only,
SA-22,Unsupported System Components,SA,hdf-only,InSpec profiles (MITRE SAF),,validated only,
SA-23,Employ [Selection (one or more): design modification; augmentation; reconfiguration] on [Assignment: systems or system components] supporting mission essential services or functions to increase the trustworthiness in those systems or components.,SA,outside,,,validated only,
SA-24,Design For Cyber Resiliency,SA,outside,,,validated only,
SC-1,Policy and Procedures,SC,oscal-only,,,evidence,back-matter policy/procedure + hash; metadata review dates
SC-2,"Separate user functionality, including user interface services, from system management functionality.",SC,hdf-only,AWS Config; ScoutSuite; InSpec profiles (MITRE SAF),,validated only,
SC-3,Isolate security functions from nonsecurity functions.,SC,hdf-only,InSpec profiles (MITRE SAF),,validated only,
SC-4,Prevent unauthorized and unintended information transfer via shared system resources.,SC,hdf-only,AWS Config; CWE (SAST/SCA); InSpec profiles (MITRE SAF),,validated only,
SC-5,Denial-of-service Protection,SC,hdf-only,AWS Config; Checkov (IaC); InSpec profiles (MITRE SAF),,validated only,
SC-6,"Protect the availability of resources by allocating [Assignment: resources] by [Selection (one or more): priority; quota; {{ insert: param, sc-06_odp.03 }} ].",SC,hdf-only,InSpec profiles (MITRE SAF),,validated only,
SC-7,Boundary Protection,SC,hdf-only,AWS Config; ScoutSuite; Nessus; Checkov (IaC); InSpec profiles (MITRE SAF),,validated only,
SC-8,Protect the [Selection (one or more): confidentiality; integrity] of transmitted information.,SC,hdf-only,AWS Config; ScoutSuite; Nessus; CWE (SAST/SCA); Checkov (IaC); InSpec profiles (MITRE SAF),,validated only,
SC-10,Terminate the network connection associated with a communications session at the end of the session or after [Assignment: time period] of inactivity.,SC,hdf-only,InSpec profiles (MITRE SAF),,validated only,
SC-11,Trusted Path,SC,hdf-only,InSpec profiles (MITRE SAF),,validated only,
SC-12,Establish and manage cryptographic keys when cryptography is employed within the system in accordance with the following key management requirements: [Assignment: requirements].,SC,hdf-only,AWS Config; ScoutSuite; Nessus; CWE (SAST/SCA); Checkov (IaC); InSpec profiles (MITRE SAF),,validated only,
SC-13,Cryptographic Protection,SC,hdf-only,AWS Config; Nessus; CWE (SAST/SCA); Checkov (IaC); InSpec profiles (MITRE SAF),,validated only,
SC-15,Collaborative Computing Devices and Applications,SC,outside,,,validated only,
SC-16,Associate [Assignment: organization-defined security and privacy attributes] with information exchanged between systems and between system components.,SC,outside,,,validated only,
SC-17,Public Key Infrastructure Certificates,SC,hdf-only,Checkov (IaC); InSpec profiles (MITRE SAF),,validated only,
SC-18,Mobile Code,SC,hdf-only,InSpec profiles (MITRE SAF),,validated only,
SC-20,Secure Name/Address Resolution Service (Authoritative Source),SC,hdf-only,Checkov (IaC),,validated only,
SC-21,Request and perform data origin authentication and data integrity verification on the name/address resolution responses the system receives from authoritative sources.,SC,outside,,,validated only,
SC-22,Ensure the systems that collectively provide name/address resolution service for an organization are fault-tolerant and implement internal and external role separation.,SC,outside,,,validated only,
SC-23,Protect the authenticity of communications sessions.,SC,hdf-only,AWS Config; ScoutSuite; CWE (SAST/SCA); OWASP (DAST); InSpec profiles (MITRE SAF),,validated only,
SC-24,Fail to a [Assignment: known system state] for the following failures on the indicated components while preserving [Assignment: system state information] in failure: [Assignment: types of system failures on system components].,SC,hdf-only,InSpec profiles (MITRE SAF),,validated only,
SC-25,Employ minimal functionality and information storage on the following system components: [Assignment: system components].,SC,outside,,,validated only,
SC-26,"Include components within organizational systems specifically designed to be the target of malicious attacks for detecting, deflecting, and analyzing such attacks.",SC,outside,,,validated only,
SC-27,Include within organizational systems the following platform independent applications: [Assignment: platform-independent applications].,SC,outside,,,validated only,
SC-28,Protect the [Selection (one or more): confidentiality; integrity] of the following information at rest: [Assignment: information at rest].,SC,hdf-only,AWS Config; ScoutSuite; CWE (SAST/SCA); Checkov (IaC); InSpec profiles (MITRE SAF),,validated only,
SC-29,Employ a diverse set of information technologies for the following system components in the implementation of the system: [Assignment: system components].,SC,outside,,,validated only,
SC-30,Employ the following concealment and misdirection techniques for [Assignment: systems] at [Assignment: time periods] to confuse and mislead adversaries: [Assignment: concealment and misdirection techniques].,SC,outside,,,validated only,
SC-31,Covert Channel Analysis,SC,outside,,,validated only,
SC-32,Partition the system into [Assignment: system components] residing in separate [Selection: physical; logical] domains or environments based on [Assignment: circumstances for the physical or logical separation of components].,SC,hdf-only,InSpec profiles (MITRE SAF),,validated only,
SC-34,Non-modifiable Executable Programs,SC,outside,,,validated only,
SC-35,Include system components that proactively seek to identify network-based malicious code or malicious websites.,SC,outside,,,validated only,
SC-36,Distribute the following processing and storage components across multiple [Selection: physical locations; logical domains]: [Assignment: organization-defined processing and storage components].,SC,hdf-only,AWS Config,,validated only,
SC-37,"Employ the following out-of-band channels for the physical delivery or electronic transmission of [Assignment: information, system components, or devices] to [Assignment: individuals or systems]: [Assignment: out-of-band channels].",SC,outside,,,validated only,
SC-38,Employ the following operations security controls to protect key organizational information throughout the system development life cycle: [Assignment: operations security controls].,SC,outside,,,validated only,
SC-39,Maintain a separate execution domain for each executing system process.,SC,outside,,,validated only,
SC-40,Protect external and internal [Assignment: organization-defined wireless links] from the following signal parameter attacks: [Assignment: organization-defined types of signal parameter attacks or references to sources for such attacks].,SC,outside,,,validated only,
SC-41,[Selection: physically; logically] disable or remove [Assignment: connection ports or input/output devices] on the following systems or system components: [Assignment: systems or system components].,SC,outside,,,validated only,
SC-42,Sensor Capability and Data,SC,outside,,,validated only,
SC-43,Usage Restrictions,SC,outside,,,validated only,
SC-44,"Employ a detonation chamber capability within [Assignment: system, system component, or location].",SC,outside,,,validated only,
SC-45,Synchronize system clocks within and between systems and system components.,SC,hdf-only,InSpec profiles (MITRE SAF),,validated only,
SC-46,Implement a policy enforcement mechanism [Selection: physically; logically] between the physical and/or network interfaces for the connecting security domains.,SC,outside,,,validated only,
SC-47,Establish [Assignment: alternate communication paths] for system operations organizational command and control.,SC,outside,,,validated only,
SC-48,Relocate [Assignment: sensors and monitoring capabilities] to [Assignment: locations] under the following conditions or circumstances: [Assignment: conditions or circumstances].,SC,outside,,,validated only,
SC-49,Implement hardware-enforced separation and policy enforcement mechanisms between [Assignment: security domains].,SC,outside,,,validated only,
SC-50,Implement software-enforced separation and policy enforcement mechanisms between [Assignment: security domains].,SC,outside,,,validated only,
SC-51,Hardware-based Protection,SC,outside,,,validated only,
SI-1,Policy and Procedures,SI,both,InSpec profiles (MITRE SAF),,evidence,back-matter policy/procedure + hash; metadata review dates
SI-2,Flaw Remediation,SI,both,AWS Config; ScoutSuite; Nessus; Nikto; OWASP (DAST); Checkov (IaC); InSpec profiles (MITRE SAF),,evidence,POA&M risk deadline tracks update window
SI-3,Malicious Code Protection,SI,hdf-only,AWS Config; Checkov (IaC); InSpec profiles (MITRE SAF),,validated only,
SI-4,System Monitoring,SI,hdf-only,AWS Config; ScoutSuite; Checkov (IaC); InSpec profiles (MITRE SAF),,validated only,
SI-5,"Security Alerts, Advisories, and Directives",SI,outside,,,validated only,
SI-6,Security and Privacy Function Verification,SI,hdf-only,InSpec profiles (MITRE SAF),,validated only,
SI-7,"Software, Firmware, and Information Integrity",SI,hdf-only,AWS Config; ScoutSuite; Hipcheck (supply chain); Checkov (IaC); InSpec profiles (MITRE SAF),,validated only,
SI-8,Spam Protection,SI,outside,,,validated only,
SI-10,Check the validity of the following information inputs: [Assignment: information inputs].,SI,hdf-only,Nikto; CWE (SAST/SCA); OWASP (DAST); InSpec profiles (MITRE SAF),,validated only,
SI-11,Error Handling,SI,hdf-only,Nikto; CWE (SAST/SCA); OWASP (DAST); InSpec profiles (MITRE SAF),,validated only,
SI-12,"Manage and retain information within the system and information output from the system in accordance with applicable laws, executive orders, directives, regulations, policies, standards, guidelines and operational requirements.",SI,hdf-only,AWS Config; InSpec profiles (MITRE SAF),,validated only,
SI-13,Predictable Failure Prevention,SI,hdf-only,AWS Config,,validated only,
SI-14,"Implement non-persistent [Assignment: system components and services] that are initiated in a known state and terminated [Selection (one or more): upon end of session of use; {{ insert: param, si-14_odp.03 }} ].",SI,outside,,,validated only,
SI-15,Validate information output from the following software programs and/or applications to ensure that the information is consistent with the expected content: [Assignment: software programs and/or applications].,SI,outside,,,validated only,
SI-16,Implement the following controls to protect the system memory from unauthorized code execution: [Assignment: controls].,SI,hdf-only,CWE (SAST/SCA); InSpec profiles (MITRE SAF),,validated only,
SI-17,Implement the indicated fail-safe procedures when the indicated failures occur: [Assignment: organization-defined list of failure conditions and associated fail-safe procedures].,SI,outside,,,validated only,
SI-18,Personally Identifiable Information Quality Operations,SI,outside,,,validated only,
SI-19,De-identification,SI,outside,,,validated only,
SI-20,Embed data or capabilities in the following systems or system components to determine if organizational data has been exfiltrated or improperly removed from the organization: [Assignment: systems or system components].,SI,hdf-only,AWS Config,,validated only,
SI-21,Refresh [Assignment: information] at [Assignment: frequencies] or generate the information on demand and delete the information when no longer needed.,SI,outside,,,validated only,
SI-22,Information Diversity,SI,outside,,,validated only,
SI-23,Information Fragmentation,SI,outside,,,validated only,
SR-1,Policy and Procedures,SR,oscal-only,,,evidence,back-matter policy/procedure + hash; metadata review dates
SR-2,Supply Chain Risk Management Plan,SR,oscal-only,,,evidence,back-matter supply chain risk management plan + hash
SR-3,Supply Chain Controls and Processes,SR,hdf-only,Hipcheck (supply chain); Checkov (IaC),,validated only,
SR-4,"Document, monitor, and maintain valid provenance of the following systems, system components, and associated data: [Assignment: systems, system components, and associated data].",SR,hdf-only,Hipcheck (supply chain),Component boms[] and integrity[],validated only,
SR-5,"Employ the following acquisition strategies, contract tools, and procurement methods to protect against, identify, and mitigate supply chain risks: [Assignment: strategies, tools, and methods].",SR,outside,,,validated only,
SR-6,"Assess and review the supply chain-related risks associated with suppliers or contractors and the system, system component, or system service they provide [Assignment: frequency].",SR,hdf-only,Hipcheck (supply chain),,validated only,
SR-7,"Employ the following Operations Security (OPSEC) controls to protect supply chain-related information for the system, system component, or system service: [Assignment: OPSEC controls].",SR,outside,,,validated only,
SR-8,"Establish agreements and procedures with entities involved in the supply chain for the system, system component, or system service for the [Selection (one or more): notification of supply chain compromises; {{ insert: param, sr-08_odp.02 }} ].",SR,outside,,,validated only,
SR-9,"Implement a tamper protection program for the system, system component, or system service.",SR,outside,,,validated only,
SR-10,"Inspect the following systems or system components [Selection (one or more): at random; at {{ insert: param, sr-10_odp.03 }} ; upon {{ insert: param, sr-10_odp.04 }} ] to detect tampering: [Assignment: systems or system components].",SR,outside,,,validated only,
SR-11,Component Authenticity,SR,hdf-only,Hipcheck (supply chain),,validated only,
SR-12,"Dispose of [Assignment: data, documentation, tools, or system components] using the following techniques and methods: [Assignment: techniques and methods].",SR,outside,,,validated only,
