control,title,family,region,hdf_mapped_sources,hdf_structural,oscal_basis
AC-1,Policy and Procedures,AC,oscal-only,,,back-matter policy/procedure + hash; metadata review dates
AC-2,Account Management,AC,hdf-only,AWS Config; ScoutSuite; Nessus; Checkov (IaC); InSpec profiles (MITRE SAF),,
AC-3,Enforce approved authorizations for logical access to information and system resources in accordance with applicable access control policies.,AC,hdf-only,AWS Config; ScoutSuite; Nessus; Nikto; CWE (SAST/SCA); OWASP (DAST); Checkov (IaC); InSpec profiles (MITRE SAF),,
AC-4,Enforce approved authorizations for controlling the flow of information within the system and between connected systems based on [Assignment: information flow control policies].,AC,hdf-only,AWS Config; CWE (SAST/SCA); Checkov (IaC); InSpec profiles (MITRE SAF),,
AC-5,Separation of Duties,AC,hdf-only,AWS Config; Hipcheck (supply chain); InSpec profiles (MITRE SAF),,
AC-6,"Employ the principle of least privilege, allowing only authorized accesses for users (or processes acting on behalf of users) that are necessary to accomplish assigned organizational tasks.",AC,hdf-only,AWS Config; ScoutSuite; CWE (SAST/SCA); Checkov (IaC); InSpec profiles (MITRE SAF),,
AC-7,Unsuccessful Logon Attempts,AC,hdf-only,CWE (SAST/SCA); InSpec profiles (MITRE SAF),,
AC-8,System Use Notification,AC,hdf-only,InSpec profiles (MITRE SAF),,
AC-9,"Notify the user, upon successful logon to the system, of the date and time of the last logon.",AC,hdf-only,InSpec profiles (MITRE SAF),,
AC-10,Limit the number of concurrent sessions for each [Assignment: account and/or account types] to [Assignment: number].,AC,hdf-only,InSpec profiles (MITRE SAF),,
AC-11,Device Lock,AC,hdf-only,InSpec profiles (MITRE SAF),,
AC-12,Automatically terminate a user session after [Assignment: conditions or trigger events].,AC,hdf-only,CWE (SAST/SCA); InSpec profiles (MITRE SAF),,
AC-14,Permitted Actions Without Identification or Authentication,AC,outside,,,
AC-16,Security and Privacy Attributes,AC,hdf-only,InSpec profiles (MITRE SAF),,
AC-17,Remote Access,AC,hdf-only,AWS Config; ScoutSuite; Nessus; Checkov (IaC); InSpec profiles (MITRE SAF),,
AC-18,Wireless Access,AC,hdf-only,InSpec profiles (MITRE SAF),,
AC-19,Access Control for Mobile Devices,AC,hdf-only,InSpec profiles (MITRE SAF),,
AC-20,Use of External Systems,AC,outside,,,
AC-21,Information Sharing,AC,hdf-only,AWS Config,,
AC-22,Publicly Accessible Content,AC,outside,,,
AC-23,Employ [Assignment: techniques] for [Assignment: data storage objects] to detect and protect against unauthorized data mining.,AC,outside,,,
AC-24,[Selection (one or more): establish procedures; implement mechanisms] to ensure [Assignment: access control decisions] are applied to each access request prior to access enforcement.,AC,outside,,,
AC-25,"Implement a reference monitor for [Assignment: access control policies] that is tamperproof, always invoked, and small enough to be subject to analysis and testing, the completeness of which can be assured.",AC,outside,,,
AT-1,Policy and Procedures,AT,oscal-only,,,back-matter policy/procedure + hash; metadata review dates
AT-2,Literacy Training and Awareness,AT,outside,,,
AT-3,Role-based Training,AT,outside,,,
AT-4,Training Records,AT,outside,,,
AT-6,Provide feedback on organizational training results to the following personnel [Assignment: frequency]: [Assignment: personnel].,AT,outside,,,
AU-1,Policy and Procedures,AU,oscal-only,,,back-matter policy/procedure + hash; metadata review dates
AU-2,Event Logging,AU,hdf-only,AWS Config; ScoutSuite; Checkov (IaC); InSpec profiles (MITRE SAF),,
AU-3,Content of Audit Records,AU,hdf-only,AWS Config; Checkov (IaC); InSpec profiles (MITRE SAF),,
AU-4,Allocate audit log storage capacity to accommodate [Assignment: audit log retention requirements].,AU,hdf-only,InSpec profiles (MITRE SAF),,
AU-5,Response to Audit Logging Process Failures,AU,hdf-only,InSpec profiles (MITRE SAF),,
AU-6,"Audit Record Review, Analysis, and Reporting",AU,hdf-only,AWS Config; ScoutSuite; InSpec profiles (MITRE SAF),,
AU-7,Audit Record Reduction and Report Generation,AU,hdf-only,AWS Config; InSpec profiles (MITRE SAF),,
AU-8,Time Stamps,AU,hdf-only,Nessus; InSpec profiles (MITRE SAF),,
AU-9,Protection of Audit Information,AU,hdf-only,AWS Config; Checkov (IaC); InSpec profiles (MITRE SAF),,
AU-10,Provide irrefutable evidence that an individual (or process acting on behalf of an individual) has performed [Assignment: actions].,AU,hdf-only,AWS Config; InSpec profiles (MITRE SAF),,
AU-11,Retain audit records for [Assignment: time period] to provide support for after-the-fact investigations of incidents and to meet regulatory and organizational information retention requirements.,AU,hdf-only,AWS Config; Checkov (IaC),,
AU-12,Audit Record Generation,AU,hdf-only,AWS Config; ScoutSuite; OWASP (DAST); Checkov (IaC); InSpec profiles (MITRE SAF),,
AU-13,Monitoring for Information Disclosure,AU,outside,,,
AU-14,Session Audit,AU,hdf-only,AWS Config; InSpec profiles (MITRE SAF),,
AU-16,Employ [Assignment: methods] for coordinating [Assignment: audit information] among external organizations when audit information is transmitted across organizational boundaries.,AU,outside,,,
CA-1,Policy and Procedures,CA,oscal-only,,,back-matter policy/procedure + hash; metadata review dates
CA-2,Control Assessments,CA,both,,"Plan document (assessments, schedule)",Assessment plan (SAP)
CA-3,Information Exchange,CA,both,InSpec profiles (MITRE SAF),System dataFlows to other systems,SSP interconnection components
CA-5,Plan of Action and Milestones,CA,both,,Amendments type poam with milestones,POA&M poam-items
CA-6,Authorization,CA,oscal-only,,,metadata actions; date-authorized
CA-7,Continuous Monitoring,CA,both,AWS Config,Comparison and change-event stream,Assessment results over time (SAR)
CA-8,Conduct penetration testing [Assignment: frequency] on [Assignment: system(s) or system components].,CA,outside,,,
CA-9,Internal System Connections,CA,hdf-only,AWS Config,,
CM-1,Policy and Procedures,CM,oscal-only,,,back-matter policy/procedure + hash; metadata review dates
CM-2,Baseline Configuration,CM,hdf-only,AWS Config; ScoutSuite; InSpec profiles (MITRE SAF),,
CM-3,Configuration Change Control,CM,hdf-only,AWS Config; Checkov (IaC); InSpec profiles (MITRE SAF),,
CM-4,Analyze changes to the system to determine potential security and privacy impacts prior to change implementation.,CM,outside,,,
CM-5,"Define, document, approve, and enforce physical and logical access restrictions associated with changes to the system.",CM,hdf-only,Checkov (IaC); InSpec profiles (MITRE SAF),,
CM-6,Configuration Settings,CM,hdf-only,ScoutSuite; Nessus; Nikto; OWASP (DAST); Checkov (IaC); InSpec profiles (MITRE SAF),,
CM-7,Least Functionality,CM,hdf-only,AWS Config; ScoutSuite; Nessus; Checkov (IaC); InSpec profiles (MITRE SAF),,
CM-8,System Component Inventory,CM,both,AWS Config; ScoutSuite; Nessus; Checkov (IaC); InSpec profiles (MITRE SAF),System components[] and boms[],SSP inventory-items
CM-9,Configuration Management Plan,CM,hdf-only,InSpec profiles (MITRE SAF),,
CM-10,Software Usage Restrictions,CM,outside,,,
CM-11,User-installed Software,CM,hdf-only,InSpec profiles (MITRE SAF),,
CM-12,Information Location,CM,outside,,,
CM-13,Develop and document a map of system data actions.,CM,outside,,,
CM-14,Prevent the installation of [Assignment: organization-defined software and firmware components] without verification that the component has been digitally signed using a certificate that is recognized and approved by the organization.,CM,hdf-only,InSpec profiles (MITRE SAF),,
CP-1,Policy and Procedures,CP,oscal-only,,,back-matter policy/procedure + hash; metadata review dates
CP-2,Contingency Plan,CP,hdf-only,AWS Config,,
CP-3,Contingency Training,CP,outside,,,
CP-4,Contingency Plan Testing,CP,outside,,,
CP-6,Alternate Storage Site,CP,hdf-only,AWS Config; Checkov (IaC),,
CP-7,Alternate Processing Site,CP,hdf-only,ScoutSuite,,
CP-8,"Establish alternate telecommunications services, including necessary agreements to permit the resumption of [Assignment: system operations] for essential mission and business functions within [Assignment: time period] when the primary telecommunications capabilities are unavailable at either the primary or alternate processing or storage sites.",CP,outside,,,
CP-9,System Backup,CP,hdf-only,AWS Config; ScoutSuite; Checkov (IaC); InSpec profiles (MITRE SAF),,
CP-10,"Provide for the recovery and reconstitution of the system to a known state within [Assignment: organization-defined time period consistent with recovery time and recovery point objectives] after a disruption, compromise, or failure.",CP,hdf-only,AWS Config; Checkov (IaC); InSpec profiles (MITRE SAF),,
CP-11,Provide the capability to employ [Assignment: alternative communications protocols] in support of maintaining continuity of operations.,CP,outside,,,
CP-12,"When [Assignment: conditions] are detected, enter a safe mode of operation with [Assignment: restrictions].",CP,outside,,,
CP-13,Employ [Assignment: alternative or supplemental security mechanisms] for satisfying [Assignment: security functions] when the primary means of implementing the security function is unavailable or compromised.,CP,outside,,,
IA-1,Policy and Procedures,IA,oscal-only,,,back-matter policy/procedure + hash; metadata review dates
IA-2,Uniquely identify and authenticate organizational users and associate that unique identification with processes acting on behalf of those users.,IA,hdf-only,AWS Config; ScoutSuite; Checkov (IaC); InSpec profiles (MITRE SAF),,
IA-3,Uniquely identify and authenticate [Assignment: devices and/or types of devices] before establishing a [Selection (one or more): local; remote; network] connection.,IA,hdf-only,InSpec profiles (MITRE SAF),,
IA-4,Identifier Management,IA,hdf-only,InSpec profiles (MITRE SAF),,
IA-5,Authenticator Management,IA,hdf-only,AWS Config; ScoutSuite; CWE (SAST/SCA); Checkov (IaC); InSpec profiles (MITRE SAF),,
IA-6,Obscure feedback of authentication information during the authentication process to protect the information from possible exploitation and use by unauthorized individuals.,IA,hdf-only,InSpec profiles (MITRE SAF),,
IA-7,"Implement mechanisms for authentication to a cryptographic module that meet the requirements of applicable laws, executive orders, directives, policies, regulations, standards, and guidelines for such authentication.",IA,hdf-only,InSpec profiles (MITRE SAF),,
IA-8,Uniquely identify and authenticate non-organizational users or processes acting on behalf of non-organizational users.,IA,hdf-only,CWE (SAST/SCA); Checkov (IaC); InSpec profiles (MITRE SAF),,
IA-9,"Uniquely identify and authenticate [Assignment: system services and applications] before establishing communications with devices, users, or other services or applications.",IA,outside,,,
IA-10,Require individuals accessing the system to employ [Assignment: supplemental authentication techniques or mechanisms] under specific [Assignment: circumstances or situations].,IA,outside,,,
IA-11,Require users to re-authenticate when [Assignment: circumstances or situations].,IA,hdf-only,InSpec profiles (MITRE SAF),,
IA-12,Identity Proofing,IA,outside,,,
IA-13,"Employ identity providers and authorization servers to manage user, device, and non-person entity (NPE) identities, attributes, and access rights supporting authentication and authorization decisions in accordance with [Assignment: policy] using [Assignment: mechanisms].",IA,outside,,,
IR-1,Policy and Procedures,IR,oscal-only,,,back-matter policy/procedure + hash; metadata review dates
IR-2,Incident Response Training,IR,outside,,,
IR-3,Test the effectiveness of the incident response capability for the system [Assignment: frequency] using the following tests: [Assignment: tests].,IR,outside,,,
IR-4,Incident Handling,IR,hdf-only,AWS Config; Checkov (IaC),,
IR-5,Track and document incidents.,IR,hdf-only,Checkov (IaC),,
IR-6,Incident Reporting,IR,hdf-only,AWS Config; Checkov (IaC); InSpec profiles (MITRE SAF),,
IR-7,"Provide an incident response support resource, integral to the organizational incident response capability, that offers advice and assistance to users of the system for the handling and reporting of incidents.",IR,hdf-only,AWS Config; ScoutSuite; InSpec profiles (MITRE SAF),,
IR-8,Incident Response Plan,IR,outside,,,
IR-9,Information Spillage Response,IR,outside,,,
MA-1,Policy and Procedures,MA,oscal-only,,,back-matter policy/procedure + hash; metadata review dates
MA-2,Controlled Maintenance,MA,outside,,,
MA-3,Maintenance Tools,MA,hdf-only,InSpec profiles (MITRE SAF),,
MA-4,Nonlocal Maintenance,MA,hdf-only,InSpec profiles (MITRE SAF),,
MA-5,Maintenance Personnel,MA,outside,,,
MA-6,Obtain maintenance support and/or spare parts for [Assignment: system components] within [Assignment: time period] of failure.,MA,outside,,,
MA-7,Restrict or prohibit field maintenance on [Assignment: systems or system components] to [Assignment: trusted maintenance facilities].,MA,outside,,,
MP-1,Policy and Procedures,MP,oscal-only,,,back-matter policy/procedure + hash; metadata review dates
MP-2,Restrict access to [Assignment: organization-defined types of digital and/or non-digital media] to [Assignment: organization-defined personnel or roles].,MP,outside,,,
MP-3,Media Marking,MP,outside,,,
MP-4,Media Storage,MP,hdf-only,Checkov (IaC); InSpec profiles (MITRE SAF),,
MP-5,Media Transport,MP,outside,,,
MP-6,Media Sanitization,MP,hdf-only,Checkov (IaC),,
MP-7,Media Use,MP,outside,,,
MP-8,Media Downgrading,MP,outside,,,
PE-1,Policy and Procedures,PE,oscal-only,,,back-matter policy/procedure + hash; metadata review dates
PE-2,Physical Access Authorizations,PE,outside,,,
PE-3,Physical Access Control,PE,outside,,,
PE-4,Control physical access to [Assignment: system distribution and transmission lines] within organizational facilities using [Assignment: security controls].,PE,outside,,,
PE-5,Control physical access to output from [Assignment: output devices] to prevent unauthorized individuals from obtaining the output.,PE,outside,,,
PE-6,Monitoring Physical Access,PE,outside,,,
PE-8,Visitor Access Records,PE,outside,,,
PE-9,Protect power equipment and power cabling for the system from damage and destruction.,PE,outside,,,
PE-10,Emergency Shutoff,PE,outside,,,
PE-11,Provide an uninterruptible power supply to facilitate [Selection: an orderly shutdown of the system; transition of the system to long-term alternate power] in the event of a primary power source loss.,PE,outside,,,
PE-12,Employ and maintain automatic emergency lighting for the system that activates in the event of a power outage or disruption and that covers emergency exits and evacuation routes within the facility.,PE,outside,,,
PE-13,Employ and maintain fire detection and suppression systems that are supported by an independent energy source.,PE,outside,,,
PE-14,Environmental Controls,PE,outside,,,
PE-15,"Protect the system from damage resulting from water leakage by providing master shutoff or isolation valves that are accessible, working properly, and known to key personnel.",PE,outside,,,
PE-16,Delivery and Removal,PE,outside,,,
PE-17,Alternate Work Site,PE,outside,,,
PE-18,Position system components within the facility to minimize potential damage from [Assignment: physical and environmental hazards] and to minimize the opportunity for unauthorized access.,PE,outside,,,
PE-19,Protect the system from information leakage due to electromagnetic signals emanations.,PE,outside,,,
PE-20,Employ [Assignment: asset location technologies] to track and monitor the location and movement of [Assignment: assets] within [Assignment: controlled areas].,PE,outside,,,
PE-21,Employ [Assignment: protective measures] against electromagnetic pulse damage for [Assignment: system and system components].,PE,outside,,,
PE-22,"Mark [Assignment: system hardware components] indicating the impact level or classification level of the information permitted to be processed, stored, or transmitted by the hardware component.",PE,outside,,,
PE-23,Facility Location,PE,outside,,,
PL-1,Policy and Procedures,PL,oscal-only,,,back-matter policy/procedure + hash; metadata review dates
PL-2,System Security and Privacy Plans,PL,oscal-only,,,SSP
PL-4,Rules of Behavior,PL,outside,,,
PL-7,Concept of Operations,PL,outside,,,
PL-8,Security and Privacy Architectures,PL,outside,,,
PL-9,Centrally manage [Assignment: controls and related processes].,PL,outside,,,
PL-10,Select a control baseline for the system.,PL,oscal-only,,,Profile (baseline selection)
PL-11,Tailor the selected control baseline by applying specified tailoring actions.,PL,oscal-only,,,"Profile (tailoring, set-parameters)"
PM-1,Information Security Program Plan,PM,oscal-only,,,back-matter policy/procedure + hash; metadata review dates
PM-2,"Appoint a senior agency information security officer with the mission and resources to coordinate, develop, implement, and maintain an organization-wide information security program.",PM,outside,,,
PM-3,Information Security and Privacy Resources,PM,outside,,,
PM-4,Plan of Action and Milestones Process,PM,oscal-only,,,POA&M across systems
PM-5,Develop and update [Assignment: frequency] an inventory of organizational systems.,PM,outside,,,
PM-6,"Develop, monitor, and report on the results of information security and privacy measures of performance.",PM,outside,,,
PM-7,"Develop and maintain an enterprise architecture with consideration for information security, privacy, and the resulting risk to organizational operations and assets, individuals, other organizations, and the Nation.",PM,outside,,,
PM-8,"Address information security and privacy issues in the development, documentation, and updating of a critical infrastructure and key resources protection plan.",PM,outside,,,
PM-9,Risk Management Strategy,PM,outside,,,
PM-10,Authorization Process,PM,outside,,,
PM-11,Mission and Business Process Definition,PM,outside,,,
PM-12,Implement an insider threat program that includes a cross-discipline insider threat incident handling team.,PM,outside,,,
PM-13,Establish a security and privacy workforce development and improvement program.,PM,outside,,,
PM-14,"Testing, Training, and Monitoring",PM,outside,,,
PM-15,Security and Privacy Groups and Associations,PM,outside,,,
PM-16,Implement a threat awareness program that includes a cross-organization information-sharing capability for threat intelligence.,PM,outside,,,
PM-17,Protecting Controlled Unclassified Information on External Systems,PM,outside,,,
PM-18,Privacy Program Plan,PM,outside,,,
PM-19,"Appoint a senior agency official for privacy with the authority, mission, accountability, and resources to coordinate, develop, and implement, applicable privacy requirements and manage privacy risks through the organization-wide privacy program.",PM,outside,,,
PM-20,Dissemination of Privacy Program Information,PM,outside,,,
PM-21,Accounting of Disclosures,PM,outside,,,
PM-22,Personally Identifiable Information Quality Management,PM,outside,,,
PM-23,Establish a Data Governance Body consisting of [Assignment: roles] with [Assignment: responsibilities].,PM,outside,,,
PM-24,Data Integrity Board,PM,outside,,,
PM-25,"Minimization of Personally Identifiable Information Used in Testing, Training, and Research",PM,outside,,,
PM-26,Complaint Management,PM,outside,,,
PM-27,Privacy Reporting,PM,outside,,,
PM-28,Risk Framing,PM,outside,,,
PM-29,Risk Management Program Leadership Roles,PM,outside,,,
PM-30,Supply Chain Risk Management Strategy,PM,outside,,,
PM-31,Continuous Monitoring Strategy,PM,outside,,,
PM-32,Analyze [Assignment: systems or system components] supporting mission essential services or functions to ensure that the information resources are being used consistent with their intended purpose.,PM,outside,,,
PS-1,Policy and Procedures,PS,oscal-only,,,back-matter policy/procedure + hash; metadata review dates
PS-2,Position Risk Designation,PS,outside,,,
PS-3,Personnel Screening,PS,outside,,,
PS-4,Personnel Termination,PS,outside,,,
PS-5,Personnel Transfer,PS,outside,,,
PS-6,Access Agreements,PS,outside,,,
PS-7,External Personnel Security,PS,outside,,,
PS-8,Personnel Sanctions,PS,outside,,,
PS-9,Incorporate security and privacy roles and responsibilities into organizational position descriptions.,PS,outside,,,
PT-1,Policy and Procedures,PT,oscal-only,,,back-matter policy/procedure + hash; metadata review dates
PT-2,Authority to Process Personally Identifiable Information,PT,outside,,,
PT-3,Personally Identifiable Information Processing Purposes,PT,outside,,,
PT-4,Implement [Assignment: tools or mechanisms] for individuals to consent to the processing of their personally identifiable information prior to its collection that facilitate individuals’ informed decision-making.,PT,outside,,,
PT-5,Privacy Notice,PT,outside,,,
PT-6,System of Records Notice,PT,outside,,,
PT-7,Apply [Assignment: processing conditions] for specific categories of personally identifiable information.,PT,outside,,,
PT-8,Computer Matching Requirements,PT,outside,,,
RA-1,Policy and Procedures,RA,oscal-only,,,back-matter policy/procedure + hash; metadata review dates
RA-2,Security Categorization,RA,outside,,,
RA-3,Risk Assessment,RA,hdf-only,AWS Config,,
RA-5,Vulnerability Monitoring and Scanning,RA,both,AWS Config; Nessus; Checkov (IaC); InSpec profiles (MITRE SAF),,POA&M risk deadline tracks remediation window
RA-6,"Employ a technical surveillance countermeasures survey at [Assignment: locations] [Selection (one or more): {{ insert: param, ra-06_odp.03 }} ; when {{ insert: param, ra-06_odp.04 }} ].",RA,outside,,,
RA-7,"Respond to findings from security and privacy assessments, monitoring, and audits in accordance with organizational risk tolerance.",RA,both,,Amendments waiver / riskAdjustment with expiry and approver,"POA&M risks: remediations, status, risk-log"
RA-8,Privacy Impact Assessments,RA,outside,,,
RA-9,"Identify critical system components and functions by performing a criticality analysis for [Assignment: systems, system components, or system services] at [Assignment: decision points in the system development life cycle].",RA,outside,,,
RA-10,Threat Hunting,RA,outside,,,
SA-1,Policy and Procedures,SA,oscal-only,,,back-matter policy/procedure + hash; metadata review dates
SA-2,Allocation of Resources,SA,outside,,,
SA-3,System Development Life Cycle,SA,hdf-only,AWS Config,,
SA-4,Acquisition Process,SA,outside,,,
SA-5,System Documentation,SA,outside,,,
SA-8,"Apply the following systems security and privacy engineering principles in the specification, design, development, implementation, and modification of the system and system components: [Assignment: organization-defined systems security and privacy engineering principles].",SA,hdf-only,AWS Config,,
SA-9,External System Services,SA,oscal-only,,,SSP leveraged-authorizations
SA-10,Developer Configuration Management,SA,hdf-only,AWS Config,,
SA-11,Developer Testing and Evaluation,SA,hdf-only,AWS Config; CWE (SAST/SCA); Hipcheck (supply chain); Checkov (IaC),,
SA-15,"Development Process, Standards, and Tools",SA,hdf-only,AWS Config; Hipcheck (supply chain),,
SA-16,"Require the developer of the system, system component, or system service to provide the following training on the correct use and operation of the implemented security and privacy functions, controls, and/or mechanisms: [Assignment: training].",SA,outside,,,
SA-17,Developer Security and Privacy Architecture and Design,SA,outside,,,
SA-20,Reimplement or custom develop the following critical system components: [Assignment: critical system].,SA,outside,,,
SA-21,Developer Screening,SA,outside,,,
SA-22,Unsupported System Components,SA,hdf-only,InSpec profiles (MITRE SAF),,
SA-23,Employ [Selection (one or more): design modification; augmentation; reconfiguration] on [Assignment: systems or system components] supporting mission essential services or functions to increase the trustworthiness in those systems or components.,SA,outside,,,
SA-24,Design For Cyber Resiliency,SA,outside,,,
SC-1,Policy and Procedures,SC,oscal-only,,,back-matter policy/procedure + hash; metadata review dates
SC-2,"Separate user functionality, including user interface services, from system management functionality.",SC,hdf-only,AWS Config; ScoutSuite; InSpec profiles (MITRE SAF),,
SC-3,Isolate security functions from nonsecurity functions.,SC,hdf-only,InSpec profiles (MITRE SAF),,
SC-4,Prevent unauthorized and unintended information transfer via shared system resources.,SC,hdf-only,AWS Config; CWE (SAST/SCA); InSpec profiles (MITRE SAF),,
SC-5,Denial-of-service Protection,SC,hdf-only,AWS Config; Checkov (IaC); InSpec profiles (MITRE SAF),,
SC-6,"Protect the availability of resources by allocating [Assignment: resources] by [Selection (one or more): priority; quota; {{ insert: param, sc-06_odp.03 }} ].",SC,hdf-only,InSpec profiles (MITRE SAF),,
SC-7,Boundary Protection,SC,hdf-only,AWS Config; ScoutSuite; Nessus; Checkov (IaC); InSpec profiles (MITRE SAF),,
SC-8,Protect the [Selection (one or more): confidentiality; integrity] of transmitted information.,SC,hdf-only,AWS Config; ScoutSuite; Nessus; CWE (SAST/SCA); Checkov (IaC); InSpec profiles (MITRE SAF),,
SC-10,Terminate the network connection associated with a communications session at the end of the session or after [Assignment: time period] of inactivity.,SC,hdf-only,InSpec profiles (MITRE SAF),,
SC-11,Trusted Path,SC,hdf-only,InSpec profiles (MITRE SAF),,
SC-12,Establish and manage cryptographic keys when cryptography is employed within the system in accordance with the following key management requirements: [Assignment: requirements].,SC,hdf-only,AWS Config; ScoutSuite; Nessus; CWE (SAST/SCA); Checkov (IaC); InSpec profiles (MITRE SAF),,
SC-13,Cryptographic Protection,SC,hdf-only,AWS Config; Nessus; CWE (SAST/SCA); Checkov (IaC); InSpec profiles (MITRE SAF),,
SC-15,Collaborative Computing Devices and Applications,SC,outside,,,
SC-16,Associate [Assignment: organization-defined security and privacy attributes] with information exchanged between systems and between system components.,SC,outside,,,
SC-17,Public Key Infrastructure Certificates,SC,hdf-only,Checkov (IaC); InSpec profiles (MITRE SAF),,
SC-18,Mobile Code,SC,hdf-only,InSpec profiles (MITRE SAF),,
SC-20,Secure Name/Address Resolution Service (Authoritative Source),SC,hdf-only,Checkov (IaC),,
SC-21,Request and perform data origin authentication and data integrity verification on the name/address resolution responses the system receives from authoritative sources.,SC,outside,,,
SC-22,Ensure the systems that collectively provide name/address resolution service for an organization are fault-tolerant and implement internal and external role separation.,SC,outside,,,
SC-23,Protect the authenticity of communications sessions.,SC,hdf-only,AWS Config; ScoutSuite; CWE (SAST/SCA); OWASP (DAST); InSpec profiles (MITRE SAF),,
SC-24,Fail to a [Assignment: known system state] for the following failures on the indicated components while preserving [Assignment: system state information] in failure: [Assignment: types of system failures on system components].,SC,hdf-only,InSpec profiles (MITRE SAF),,
SC-25,Employ minimal functionality and information storage on the following system components: [Assignment: system components].,SC,outside,,,
SC-26,"Include components within organizational systems specifically designed to be the target of malicious attacks for detecting, deflecting, and analyzing such attacks.",SC,outside,,,
SC-27,Include within organizational systems the following platform independent applications: [Assignment: platform-independent applications].,SC,outside,,,
SC-28,Protect the [Selection (one or more): confidentiality; integrity] of the following information at rest: [Assignment: information at rest].,SC,hdf-only,AWS Config; ScoutSuite; CWE (SAST/SCA); Checkov (IaC); InSpec profiles (MITRE SAF),,
SC-29,Employ a diverse set of information technologies for the following system components in the implementation of the system: [Assignment: system components].,SC,outside,,,
SC-30,Employ the following concealment and misdirection techniques for [Assignment: systems] at [Assignment: time periods] to confuse and mislead adversaries: [Assignment: concealment and misdirection techniques].,SC,outside,,,
SC-31,Covert Channel Analysis,SC,outside,,,
SC-32,Partition the system into [Assignment: system components] residing in separate [Selection: physical; logical] domains or environments based on [Assignment: circumstances for the physical or logical separation of components].,SC,hdf-only,InSpec profiles (MITRE SAF),,
SC-34,Non-modifiable Executable Programs,SC,outside,,,
SC-35,Include system components that proactively seek to identify network-based malicious code or malicious websites.,SC,outside,,,
SC-36,Distribute the following processing and storage components across multiple [Selection: physical locations; logical domains]: [Assignment: organization-defined processing and storage components].,SC,hdf-only,AWS Config,,
SC-37,"Employ the following out-of-band channels for the physical delivery or electronic transmission of [Assignment: information, system components, or devices] to [Assignment: individuals or systems]: [Assignment: out-of-band channels].",SC,outside,,,
SC-38,Employ the following operations security controls to protect key organizational information throughout the system development life cycle: [Assignment: operations security controls].,SC,outside,,,
SC-39,Maintain a separate execution domain for each executing system process.,SC,outside,,,
SC-40,Protect external and internal [Assignment: organization-defined wireless links] from the following signal parameter attacks: [Assignment: organization-defined types of signal parameter attacks or references to sources for such attacks].,SC,outside,,,
SC-41,[Selection: physically; logically] disable or remove [Assignment: connection ports or input/output devices] on the following systems or system components: [Assignment: systems or system components].,SC,outside,,,
SC-42,Sensor Capability and Data,SC,outside,,,
SC-43,Usage Restrictions,SC,outside,,,
SC-44,"Employ a detonation chamber capability within [Assignment: system, system component, or location].",SC,outside,,,
SC-45,Synchronize system clocks within and between systems and system components.,SC,hdf-only,InSpec profiles (MITRE SAF),,
SC-46,Implement a policy enforcement mechanism [Selection: physically; logically] between the physical and/or network interfaces for the connecting security domains.,SC,outside,,,
SC-47,Establish [Assignment: alternate communication paths] for system operations organizational command and control.,SC,outside,,,
SC-48,Relocate [Assignment: sensors and monitoring capabilities] to [Assignment: locations] under the following conditions or circumstances: [Assignment: conditions or circumstances].,SC,outside,,,
SC-49,Implement hardware-enforced separation and policy enforcement mechanisms between [Assignment: security domains].,SC,outside,,,
SC-50,Implement software-enforced separation and policy enforcement mechanisms between [Assignment: security domains].,SC,outside,,,
SC-51,Hardware-based Protection,SC,outside,,,
SI-1,Policy and Procedures,SI,both,InSpec profiles (MITRE SAF),,back-matter policy/procedure + hash; metadata review dates
SI-2,Flaw Remediation,SI,both,AWS Config; ScoutSuite; Nessus; Nikto; OWASP (DAST); Checkov (IaC); InSpec profiles (MITRE SAF),,POA&M risk deadline tracks update window
SI-3,Malicious Code Protection,SI,hdf-only,AWS Config; Checkov (IaC); InSpec profiles (MITRE SAF),,
SI-4,System Monitoring,SI,hdf-only,AWS Config; ScoutSuite; Checkov (IaC); InSpec profiles (MITRE SAF),,
SI-5,"Security Alerts, Advisories, and Directives",SI,outside,,,
SI-6,Security and Privacy Function Verification,SI,hdf-only,InSpec profiles (MITRE SAF),,
SI-7,"Software, Firmware, and Information Integrity",SI,hdf-only,AWS Config; ScoutSuite; Hipcheck (supply chain); Checkov (IaC); InSpec profiles (MITRE SAF),,
SI-8,Spam Protection,SI,outside,,,
SI-10,Check the validity of the following information inputs: [Assignment: information inputs].,SI,hdf-only,Nikto; CWE (SAST/SCA); OWASP (DAST); InSpec profiles (MITRE SAF),,
SI-11,Error Handling,SI,hdf-only,Nikto; CWE (SAST/SCA); OWASP (DAST); InSpec profiles (MITRE SAF),,
SI-12,"Manage and retain information within the system and information output from the system in accordance with applicable laws, executive orders, directives, regulations, policies, standards, guidelines and operational requirements.",SI,hdf-only,AWS Config; InSpec profiles (MITRE SAF),,
SI-13,Predictable Failure Prevention,SI,hdf-only,AWS Config,,
SI-14,"Implement non-persistent [Assignment: system components and services] that are initiated in a known state and terminated [Selection (one or more): upon end of session of use; {{ insert: param, si-14_odp.03 }} ].",SI,outside,,,
SI-15,Validate information output from the following software programs and/or applications to ensure that the information is consistent with the expected content: [Assignment: software programs and/or applications].,SI,outside,,,
SI-16,Implement the following controls to protect the system memory from unauthorized code execution: [Assignment: controls].,SI,hdf-only,CWE (SAST/SCA); InSpec profiles (MITRE SAF),,
SI-17,Implement the indicated fail-safe procedures when the indicated failures occur: [Assignment: organization-defined list of failure conditions and associated fail-safe procedures].,SI,outside,,,
SI-18,Personally Identifiable Information Quality Operations,SI,outside,,,
SI-19,De-identification,SI,outside,,,
SI-20,Embed data or capabilities in the following systems or system components to determine if organizational data has been exfiltrated or improperly removed from the organization: [Assignment: systems or system components].,SI,hdf-only,AWS Config,,
SI-21,Refresh [Assignment: information] at [Assignment: frequencies] or generate the information on demand and delete the information when no longer needed.,SI,outside,,,
SI-22,Information Diversity,SI,outside,,,
SI-23,Information Fragmentation,SI,outside,,,
SR-1,Policy and Procedures,SR,oscal-only,,,back-matter policy/procedure + hash; metadata review dates
SR-2,Supply Chain Risk Management Plan,SR,outside,,,
SR-3,Supply Chain Controls and Processes,SR,hdf-only,Hipcheck (supply chain); Checkov (IaC),,
SR-4,"Document, monitor, and maintain valid provenance of the following systems, system components, and associated data: [Assignment: systems, system components, and associated data].",SR,hdf-only,Hipcheck (supply chain),Component boms[] and integrity[],
SR-5,"Employ the following acquisition strategies, contract tools, and procurement methods to protect against, identify, and mitigate supply chain risks: [Assignment: strategies, tools, and methods].",SR,outside,,,
SR-6,"Assess and review the supply chain-related risks associated with suppliers or contractors and the system, system component, or system service they provide [Assignment: frequency].",SR,hdf-only,Hipcheck (supply chain),,
SR-7,"Employ the following Operations Security (OPSEC) controls to protect supply chain-related information for the system, system component, or system service: [Assignment: OPSEC controls].",SR,outside,,,
SR-8,"Establish agreements and procedures with entities involved in the supply chain for the system, system component, or system service for the [Selection (one or more): notification of supply chain compromises; {{ insert: param, sr-08_odp.02 }} ].",SR,outside,,,
SR-9,"Implement a tamper protection program for the system, system component, or system service.",SR,outside,,,
SR-10,"Inspect the following systems or system components [Selection (one or more): at random; at {{ insert: param, sr-10_odp.03 }} ; upon {{ insert: param, sr-10_odp.04 }} ] to detect tampering: [Assignment: systems or system components].",SR,outside,,,
SR-11,Component Authenticity,SR,hdf-only,Hipcheck (supply chain),,
SR-12,"Dispose of [Assignment: data, documentation, tools, or system components] using the following techniques and methods: [Assignment: techniques and methods].",SR,outside,,,
